rank,uri,artist_names,track_name,source,peak_rank,previous_rank,days_on_chart,streams
1,"spotify:track:53iuhJlwXhSER5J2IYYv1W","Taylor Swift","The Fate of Ophelia","Taylor Swift",1,1,62,"6726815"
2,"spotify:track:0bYg9bo50gSsH3LtXe2SQn","Mariah Carey","All I Want for Christmas Is You","Columbia",1,2,504,"5404384"
3,"spotify:track:2FRnf9qhLbvw8fu4IBXx78","Wham!","Last Christmas","Epic",2,3,438,"5080223"
4,"spotify:track:1CPZ5BxNNd0n0nF4Orb9JS","HUNTR/X, EJAE, AUDREY NUNA, REI AMI, KPop Demon Hunters Cast","Golden","K-Pop Demon Hunters",1,4,165,"4990868"
5,"spotify:track:7qjZnBKE73H4Oxkopwulqe","sombr","back to friends","Warner Records",1,8,260,"4481690"
6,"spotify:track:2EjXfH91m7f8HiJN1yQg97","Brenda Lee","Rockin' Around The Christmas Tree","MCA Nashville",2,5,363,"4471515"
7,"spotify:track:3qhlB30KknSejmIvZZLjOD","Djo","End of Beginning","Djo",1,7,656,"4332783"
8,"spotify:track:1qbmS6ep2hbBRaEZFpn7BX","Olivia Dean","Man I Need","PLG - Capitol",2,6,106,"4303831"
9,"spotify:track:2RkZ5LkEzeHGRsmDqKwmaJ","Alex Warren","Ordinary","Atlantic Records",1,11,300,"3946474"
10,"spotify:track:7vQbuQcyTflfCIOu3Uzzya","Bobby Helms","Jingle Bell Rock","Geffen",4,9,354,"3837583"
11,"spotify:track:0lizgQ7Qw35od7CYaoMBZb","Ariana Grande","Santa Tell Me","Universal Records",3,10,372,"3569765"
12,"spotify:track:6dOtVTDdiauQNBQEDOtlAB","Billie Eilish","BIRDS OF A FEATHER","Darkroom/Interscope Records",1,18,566,"3426265"
13,"spotify:track:6sGIMrtIzQjdzNndVxe397","Olivia Dean","So Easy (To Fall In Love)","PLG - Capitol",5,12,68,"3356215"
14,"spotify:track:55lijDD6OAjLFFUHU9tcDm","RAYE","WHERE IS MY HUSBAND!","Human Re Sources",7,13,76,"3352790"
15,"spotify:track:7so0lgd0zP2Sbgs2d7a1SZ","Lady Gaga, Bruno Mars","Die With A Smile","Interscope Records",1,19,475,"3256682"
16,"spotify:track:3nAp4IvdMPPWEH9uuXFFV5","Kelly Clarkson","Underneath the Tree","RCA Records Label",6,14,284,"3167219"
17,"spotify:track:7uoFMmxln0GPXQ0AcCBXRq","Sia","Snowman","Monkey Puzzle/Atlantic",9,15,303,"3154324"
18,"spotify:track:2uFaJJtFpPDc5Pa95XzTvg","Dean Martin","Let It Snow! Let It Snow! Let It Snow!","Capitol Records",6,16,262,"3040541"
19,"spotify:track:1rv46mRwDqMEhOBZ7vODg3","Michael Bublé","It's Beginning to Look a Lot like Christmas","143/Reprise",3,17,342,"2964058"
20,"spotify:track:3yWuTOYDztXjZxdE2cIRUa","Taylor Swift","Opalite","Taylor Swift",2,20,62,"2949180"
21,"spotify:track:44xDy4h27s4ENaC8fKnCoC","El Bogueto, Yung Beef","Cuando No Era Cantante","Candela Music",19,22,49,"2906750"
22,"spotify:track:1JSTJqkT5qHq8MDJnJbRE1","The Police","Every Breath You Take","Polydor Records",17,24,1512,"2807554"
23,"spotify:track:4oVO4fGNRRvEn0CRuFO4qv","ROSALÍA, Yahritza Y Su Esencia","La Perla","Columbia",5,21,27,"2766219"
24,"spotify:track:1IcR6RlgvDczfvoWJSSY2A","Andy Williams","It's the Most Wonderful Time of the Year","Columbia",5,23,320,"2729135"
25,"spotify:track:6Qyc6fS4DsZjB2mRW9DsQs","The Goo Goo Dolls","Iris","Warner Records",9,29,811,"2707127"
26,"spotify:track:4xqrdfXkTW4T0RauPLv3WA","Conan Gray","Heather","Republic Records",11,98,1062,"2686558"
27,"spotify:track:4VxTzYm00mg82MuoT35Ja7","Tyla","CHANEL","Epic",25,25,20,"2685245"
28,"spotify:track:3sK8wGT43QFpWrvNQsrQya","Bad Bunny","DtMF","Rimas Entertainment LLC.",1,73,333,"2669581"
29,"spotify:track:0cQVqPuHQP4KEwc7ZUQmj6","The Neighbourhood","Sweater Weather","Columbia",12,27,1927,"2668091"
30,"spotify:track:3hRV0jL3vUpRrcy398teAU","Lord Huron","The Night We Met","Lord Huron",15,33,1220,"2630189"
31,"spotify:track:3QaPy1KgI7nu9FJEQUgn6h","Billie Eilish","WILDFLOWER","Darkroom/Interscope Records",8,35,566,"2625191"
32,"spotify:track:1mgoLJV5W6JSWanT5bgf3o","BLOK3","KUSURA BAKMA","Mundo Music",30,30,6,"2615920"
33,"spotify:track:1xOqGUkyxGQRdCvGpvWKmL","KATSEYE","Gabriela","HYBE/Geffen",7,28,167,"2612738"
34,"spotify:track:27xkOIER6uDLKALIelHylZ","Jin","Don’t Say You Love Me","BIGHIT MUSIC",1,26,202,"2546852"
35,"spotify:track:4G7bbgD2DHORU4frrWoCXp","DJ Japa NK, MC Meno K, MC Ryan SP, Mc Jacaré, DJ DAVI DOGDOG","Posso Até Não Te Dar Flores","Bololo Records",8,32,49,"2526018"
36,"spotify:track:7xapw9Oy21WpfEcib2ErSA","Justin Bieber","Mistletoe","RBMG/Def Jam",11,31,302,"2465114"
37,"spotify:track:7CyPwkp0oE8Ro9Dd5CUDjW","The Weeknd, JENNIE, Lily-Rose Depp","One Of The Girls (with JENNIE, Lily Rose Depp)","XO / Republic Records",2,37,788,"2407651"
38,"spotify:track:7fUYUcWy853HS8YJn0b3Sr","The Ronettes","Sleigh Ride","Legacy Recordings",9,34,235,"2397484"
39,"spotify:track:21IYMdzTrzSe191Cy5eMap","Gigi Perez","Sailor Song","Outtahere, LLC / Island Records",5,46,473,"2366106"
40,"spotify:track:67mgz7S5y7hnCE63YBjfO6","Michael Bublé","Holly Jolly Christmas","143/Reprise",10,38,278,"2339739"
41,"spotify:track:0FIDCNYYjNvPVimz5icugS","The Weeknd, Playboi Carti","Timeless (feat Playboi Carti)","XO / Republic Records",2,61,433,"2307397"
42,"spotify:track:3cZajhyr8LmtPfHZ9296tj","Disco Lines, Tinashe","No Broke Boys","Nice Life/Atlantic",12,42,160,"2300527"
43,"spotify:track:2lTm559tuIvatlT1u0JYG2","Bad Bunny","BAILE INoLVIDABLE","Rimas Entertainment LLC.",3,84,333,"2286960"
44,"spotify:track:5humEOJehpAwMJEJmb0JJ2","Nat King Cole","The Christmas Song (Merry Christmas To You)","Capitol Records",14,36,251,"2285162"
45,"spotify:track:3qCeq0rWK67SoBDgFd2sId","José Feliciano","Feliz Navidad","RCA/BMG Heritage",7,39,273,"2259268"
46,"spotify:track:70LcF31zb1H0PyJoS1Sx1r","Radiohead","Creep","XL Recordings",22,45,734,"2227203"
47,"spotify:track:3xkHsmpQCBMytMJNiDf3Ii","Benson Boone","Beautiful Things","Night Street Records, Inc./Warner Records Inc.",1,47,685,"2214832"
48,"spotify:track:5XeFesFbtLpXzIVDNQP22n","Arctic Monkeys","I Wanna Be Yours","Domino Recording Co",11,43,1246,"2208184"
49,"spotify:track:7tI8dRuH2Yc6RuoTjxo4dU","Jimin","Who","BIGHIT MUSIC",1,41,503,"2195176"
50,"spotify:track:7D0RhFcb3CrfPuTJ0obrod","Coldplay","Sparks","Parlophone UK",26,44,453,"2182730"
51,"spotify:track:1PtQJZVZIdWIYdARpZRDFO","Kate Bush","Running Up That Hill (A Deal With God)","Fish People",1,40,248,"2178621"
52,"spotify:track:0TFTAtCYhp2tQ9KcJIZb55","sombr","undressed","Warner Records",6,57,252,"2163948"
53,"spotify:track:4WFgvKVfEhb3IUAFGrutTR","Ravyn Lenae","Love Me Not","Atlantic Records",8,55,260,"2160212"
54,"spotify:track:2BwO5K8Q7EPAJSGze3AAh9","Sabrina Carpenter","Manchild","Island Records",1,64,181,"2129705"
55,"spotify:track:05od2qm2MTSKCHxy1GBp5W","sombr","12 to 12","Warner Records",12,48,129,"2083457"
56,"spotify:track:3AJwUDP919kvQ9QcozQPxg","Coldplay","Yellow","Parlophone UK",15,49,1798,"2075080"
57,"spotify:track:4wJ5Qq0jBN4ajy7ouZIV1c","ROSÉ, Bruno Mars","APT.","Atlantic Records",1,54,412,"2072478"
58,"spotify:track:17phhZDn6oGtzMe56NuWvj","Teddy Swims","Lose Control","Warner Records",5,51,749,"2026391"
59,"spotify:track:6iOndD4OFo7GkaDypWQIou","W Sound, Beéle, Ovy On The Drums","La Plena - W Sound 05","WEA Latina",4,62,281,"1960227"
60,"spotify:track:2CGNAOSuO1MEFCbBRgUzjd","Kendrick Lamar, SZA","luther (with sza)","pgLang, under exclusive license to Interscope Records",2,125,377,"1944698"
61,"spotify:track:3hpm0fTeSqlhJbnqAgaLZs","Fuerza Regida","Marlboro Rojo","Rancho Humilde/Street Mob Records/Sony Music Latin",13,63,209,"1937025"
62,"spotify:track:2HRqTpkrJO5ggZyyK6NPWz","Sabrina Carpenter","Espresso","Island Records",1,66,601,"1930465"
63,"spotify:track:3siwsiaEoU4Kuuc9WKMUy5","The Marías","No One Noticed","Nice Life/Atlantic",32,80,390,"1919710"
64,"spotify:track:7ne4VBA60CxGM75vw0EYad","Gracie Abrams","That’s So True","Gracie Abrams, under exclusive license to Interscope Records",3,91,412,"1909958"
65,"spotify:track:58ge6dfP91o9oXMzq3XkIS","Arctic Monkeys","505","Domino/Warner Records",40,60,1431,"1895603"
66,"spotify:track:6eLQXa6uk2EW8drsiKbABZ","Fuerza Regida","TU SANCHO","Rancho Humilde/Street Mob Records/Sony Music Latin",9,68,205,"1891661"
67,"spotify:track:27RYrbL6S02LNVhDWVl38b","John Lennon, Yoko Ono","Happy Xmas (War Is Over) - Remastered 2010","EMI Catalogue",7,50,249,"1877250"
68,"spotify:track:47ohYW8e7dxCYn9qbUMBCI","Darlene Love","Christmas (Baby Please Come Home)","Legacy Recordings",20,52,164,"1856459"
69,"spotify:track:1oAwsWBovWRIp7qLMGPIet","Cigarettes After Sex","Apocalypse","Partisan Records",44,59,1211,"1851639"
70,"spotify:track:1SV1fxF65n9NhRHp3KlBuu","Paul McCartney","Wonderful Christmastime - Edited Version / Remastered 2011","Paul McCartney Catalog",10,53,245,"1849500"
71,"spotify:track:7MXVkk9YMctZqd1Srtv4MB","The Weeknd, Daft Punk","Starboy","Universal Republic Records",1,58,1886,"1848103"
72,"spotify:track:5BZsQlgw21vDOAjoqkNgKb","Justin Bieber","DAISIES","JRC Entertainment, LLC / ILH Production Co. LLC / Def Jam Recordings",1,81,146,"1834083"
73,"spotify:track:2HRgqmZQC0MC7GeNuDIXHN","Jung Kook, Latto","Seven (feat. Latto) (Explicit Ver.)","BIGHIT MUSIC",1,56,873,"1826440"
74,"spotify:track:7jtQIBanIiJOMS6RyCx6jZ","Tom Odell","Another Love","ITNO/Columbia",11,67,1692,"1820733"
75,"spotify:track:02sy7FAs8dkDNYsHp4Ul3f","Saja Boys, Andrew Choi, Neckwav, Danny Chung, KEVIN WOO, samUIL Lee, KPop Demon Hunters Cast","Soda Pop","K-Pop Demon Hunters",3,70,164,"1795325"
76,"spotify:track:51ZQ1vr10ffzbwIjDCwqm4","Ariana Grande","we can't be friends (wait for your love)","Republic Records",1,77,636,"1792499"
77,"spotify:track:64qfw9JZl3RYCrq4Mn0WvT","Idgitaf","Sedia Aku Sebelum Hujan","idgitaf musik",75,75,4,"1782108"
78,"spotify:track:2fuYa3Lx06QQJAm0MjztKr","Radiohead","Let Down","XL Recordings",49,72,186,"1771640"
79,"spotify:track:5TFD2bmFKGhoCRbX61nXY5","Bad Bunny","NUEVAYoL","Rimas Entertainment LLC.",5,164,333,"1767991"
80,"spotify:track:7585wxMp2e3IhBq3tJAXgw","Calle 24","SUIZA","WEA Latina",47,88,133,"1762617"
81,"spotify:track:0WbMK4wrZ1wFSty9F7FCgu","Chappell Roan","Good Luck, Babe!","Chappell Roan PS/ Island",5,97,604,"1759651"
82,"spotify:track:57Z6TJCTMACXxdrcwZ3Zvf","EsDeeKid, Rico Ace","Phantom","Lizzy Records",59,69,19,"1750317"
83,"spotify:track:3GCdLUSnKSMJhs4Tj6CV3s","Kendrick Lamar, SZA","All The Stars (with SZA) - From ""Black Panther: The Album""","Black Panther (TDE/DMG) PS",2,95,909,"1718707"
84,"spotify:track:5UJbgR4XF4y1DvbkxEqe8S","Tate McRae","Sports car","RCA Records Label",14,151,313,"1717321"
85,"spotify:track:6uiQ0DqbXTBc8tl0AUKZkR","Rels B","TU VAS SIN (fav)","DALE PLAY Records / Flakk Team",26,79,143,"1714123"
86,"spotify:track:0d28khcov6AiegSCpG5TuT","Gorillaz, De La Soul","Feel Good Inc.","Parlophone UK",39,76,337,"1711621"
87,"spotify:track:0KKkJNfGyhkQ5aFogxQAPU","Bruno Mars","That's What I Like","Atlantic Records",5,83,1104,"1704621"
88,"spotify:track:0l0vcZMU7AOeQmUIREoI2U","Rauw Alejandro, Bad Bunny","Qué Pasaría...","Sony Music Latin/Duars Entertainment",13,141,350,"1700361"
89,"spotify:track:0ll8uFnc0nANY35E0Lfxvg","Keane","Somewhere Only We Know","Universal-Island Records Ltd.",60,71,1087,"1690415"
90,"spotify:track:60a0Rd6pjrkxjPbaKzXjfq","Linkin Park","In the End","Warner Records",7,89,908,"1688681"
91,"spotify:track:0eaVIYo2zeOaGJeqZ5TwYz","Don Toliver","No Pole","Cactus Jack / Atlantic",58,105,348,"1687977"
92,"spotify:track:1NXbNEAcPvY5G1xvfN57aA","Tame Impala","Dracula","Columbia",27,74,69,"1678876"
93,"spotify:track:1dByUyyoRKL99fJJ6VCQzb","Tate McRae","TIT FOR TAT","RCA Records Label",5,86,69,"1646461"
94,"spotify:track:42VUCXerQ5qTr4Qp6PhKo4","Sabrina Carpenter","Tears","Island Records",1,87,97,"1642344"
95,"spotify:track:0eLtIxPRNJfsmehITZ1qaJ","Aditya Rikhari","Sahiba","T-Series",28,65,150,"1641459"
96,"spotify:track:7gKxCvTDWwV9wBhdeBbr3l","Olivia Dean","Nice To Each Other","PLG - Capitol",44,90,106,"1628852"
97,"spotify:track:2N9miXnewVmUrgl6JSK1FI","LE SSERAFIM, j-hope","SPAGHETTI","SOURCE MUSIC",19,78,41,"1604268"
98,"spotify:track:6J5kc12BW5HuP3d7C3vvx8","Bad Bunny","EoO","Rimas Entertainment LLC.",9,195,330,"1598237"
99,"spotify:track:0VjIjW4GlUZAMYd2vXMi3b","The Weeknd","Blinding Lights","Republic Records",1,82,2195,"1597274"
100,"spotify:track:1I37Zz2g3hk9eWxaNkj031","Saja Boys, Andrew Choi, Neckwav, Danny Chung, KEVIN WOO, samUIL Lee, KPop Demon Hunters Cast","Your Idol","K-Pop Demon Hunters",3,106,164,"1586924"
101,"spotify:track:6K4t31amVTZDgR3sKmwUJJ","Tame Impala","The Less I Know The Better","Universal Music Australia Pty. Ltd.",88,92,404,"1565960"
102,"spotify:track:1rIKgCH4H52lrvDcz50hS8","Zara Larsson","Lush Life","Epic/Record Company TEN",62,85,97,"1564763"
103,"spotify:track:7nrd0eIftH3NQLfgk20Qp9","Blessd, Anuel AA, Yan Block, Luar La L, Kris R., ROA","YOGURCITO REMIX (feat. Kris R., ROA)","WEA Latina",81,99,78,"1562813"
104,"spotify:track:1zi7xx7UVEFkmKfv06H8x0","Drake, Wizkid, Kyla","One Dance","Cash Money Records/Young Money Ent./Universal Rec.",5,93,1763,"1560718"
105,"spotify:track:35ISBknsCeZQtq66xABI9g","Lola Young","Messy","Universal-Island Records Ltd.",8,172,366,"1556131"
106,"spotify:track:1mea3bSkSGXuIRvnydlB5b","Coldplay","Viva La Vida","Parlophone UK",27,104,1194,"1545251"
107,"spotify:track:3p4hRhMcb6ch8OLtATMaLw","Cigarettes After Sex","Cry","Partisan Records",28,121,298,"1544443"
108,"spotify:track:2GP6UzoA55p6yYiPCGyEhg","Omar Camacho, Victor Mendivil","2+2","Rico o Muerto Music LLC",77,108,116,"1524438"
109,"spotify:track:0InIeZW4P6VO7dUGRM4AKH","The Marías","Sienna","Nice Life/Atlantic",77,110,88,"1523509"
110,"spotify:track:5g7sDjBhZ4I3gcFIpkrLuI","Bruno Mars","Locked out of Heaven","Atlantic Records",21,107,1208,"1519435"
111,"spotify:track:0ofHAoxe9vBkTCp2UQIavz","Fleetwood Mac","Dreams - 2004 Remaster","Rhino/Warner Records",17,109,898,"1511580"
112,"spotify:track:3XsaSIPWvM61RIFfeb0BBR","Bing Crosby, Ken Darby Singers, John Scott Trotter & His Orchestra","White Christmas - 1947 Version","Geffen",10,94,246,"1510349"
113,"spotify:track:4e76Ss3ji7HQZ4qwcPNkNA","Junior H","MIENTRAS DUERMES","WEA Latina",113,139,65,"1503593"
114,"spotify:track:0fK7ie6XwGxQTIkpFoWkd1","JENNIE","like JENNIE","OA Entertainment/Columbia",5,157,271,"1494453"
115,"spotify:track:0bxPRWprUVpQK0UFcddkrA","Kehlani","Folded","TSNMI / Atlantic",62,118,125,"1493928"
116,"spotify:track:5H1sKFMzDeMtXwND3V6hRY","BLACKPINK","JUMP","YG Entertainment",1,122,145,"1491810"
117,"spotify:track:2mdrVnxEnPR6iFijakkxQS","Young Cister, Kreamly","QLOO*","Sony Music Entertainment Chile S.A",28,127,128,"1488236"
118,"spotify:track:0tgVpDi06FyKpA1z0VMD4v","Ed Sheeran","Perfect","Atlantic Records UK",3,103,2968,"1484501"
119,"spotify:track:3qdeRGn9erK9sjs1kUtBys","Fuerza Regida","CHAVALITAS","Rancho Humilde/Street Mob Records/Sony Music Latin",52,136,20,"1480537"
120,"spotify:track:6DH13QYXK7lKkYHSU88N48","Daniel Caesar","Who Knows","Republic Records",96,102,14,"1478790"
121,"spotify:track:0B7wvvmu9EISAwZnOpjhNI","Bruno Mars","When I Was Your Man","Atlantic Records",28,116,1052,"1472904"
122,"spotify:track:75JFxkI2RXiU7L9VXzMkle","Coldplay","The Scientist","Parlophone Records Limited",63,120,616,"1466893"
123,"spotify:track:0lYBSQXN6rCTvUZvg9S0lU","DJ Snake, Justin Bieber","Let Me Love You","DJ Snake Def Jam",3,100,553,"1460571"
124,"spotify:track:7koAf6aZgjO6TS7bipfPD0","Ovy On The Drums, Quevedo, Beéle","YO y TÚ","WEA Latina",33,166,170,"1454208"
125,"spotify:track:4rMNgxEwGWoPHIUcvB5BrB","Bruno Mars","It Will Rain","Chop Shop/Atlantic",29,135,122,"1450264"
126,"spotify:track:7J1uxwnxfQLu4APicE5Rnj","Michael Jackson","Billie Jean","Epic",35,114,253,"1448132"
127,"spotify:track:6393yGahSJ9slVdOwSxOVR","Chappell Roan","Pink Pony Club","Chappell Roan PS/ Island",18,189,474,"1444978"
128,"spotify:track:2nMeu6UenVvwUktBCpLMK9","Lana Del Rey","Young And Beautiful","Polydor Records",79,111,274,"1443696"
129,"spotify:track:2LBqCSwhJGcFQeTHMVGwy3","The Weeknd","Die For You","Universal Republic Records",9,134,1398,"1434373"
130,"spotify:track:6fxVffaTuwjgEk5h9QyRjy","Ed Sheeran","Photograph","Atlantic Records UK",40,101,1472,"1434070"
131,"spotify:track:0je57Uq5eTk1wrPzn9sWbl","Sabrina Carpenter","When Did You Get Hot?","Island Records",9,131,97,"1430888"
132,"spotify:track:003vvx7Niy0yvhvHt4a68B","The Killers","Mr. Brightside","Island Records",59,132,1424,"1428934"
133,"spotify:track:2nLtzopw4rPReszdYBJU6h","Linkin Park","Numb","Warner Records",12,144,628,"1424592"
134,"spotify:track:4Yg2w0P29BBBMixyeNjDtj","Band Aid","Do They Know It's Christmas? - 1984 Version","EMI",3,113,247,"1423757"
135,"spotify:track:3bH2Eu9A9ymI4UnGHRmoXg","Ed Sheeran, Elton John","Merry Christmas","Atlantic Records UK",16,126,111,"1423329"
136,"spotify:track:3A02hWQ2ebOFDWSbAMNnpw","Madison Beer","bittersweet","Epic/Sing It Loud",119,119,12,"1410325"
137,"spotify:track:7qiZfU4dY1lWllzX7mPBI3","Ed Sheeran","Shape of You","Atlantic Records UK",1,115,2713,"1404738"
138,"spotify:track:2uXlHCUbq9OMUwx3hrk06o","Vance Joy","Riptide","Atlantic Records",28,142,1756,"1404650"
139,"spotify:track:3RXUgPNIbUgFxsDWuBQEt6","HUNTR/X, EJAE, AUDREY NUNA, REI AMI, KPop Demon Hunters Cast","How It’s Done","K-Pop Demon Hunters",6,158,164,"1401946"
140,"spotify:track:5cF0dROlMOK5uNZtivgu50","Charlie Puth","Attention","Artist Partner",5,117,556,"1399553"
141,"spotify:track:0COqiPhxzoWICwFCS4eZcp","Evanescence","Bring Me To Life","The Bicycle Music Company",72,137,235,"1397113"
142,"spotify:track:7G7mSV4BebkoHWwKTDvXu9","V, Park Hyo Shin","Winter Ahead (with PARK HYO SHIN)","BIGHIT MUSIC",15,112,329,"1391657"
143,"spotify:track:27qAMKrDdKEs8HDXcvR24R","Chris Rea","Driving Home for Christmas - 2019 Remaster","Rhino",8,133,236,"1390462"
144,"spotify:track:3QIoEi8Enr9uHffwInGIsC","Eagles","Please Come Home for Christmas - 2013 Remaster","Rhino/Elektra",31,152,63,"1389784"
145,"spotify:track:7KA4W4McWYRpgf0fWsJZWB","Tyler, The Creator, Kali Uchis","See You Again (feat. Kali Uchis)","Columbia",13,168,1005,"1388636"
146,"spotify:track:59D4DOkspUbWyMmbAPQkxZ","Bad Bunny","VOY A LLeVARTE PA PR","Rimas Entertainment LLC.",7,-1,270,"1387177"
147,"spotify:track:5sBDrrtLGbV64QJnEqfjer","HUNTR/X, EJAE, AUDREY NUNA, REI AMI, KPop Demon Hunters Cast","What It Sounds Like","K-Pop Demon Hunters",7,154,164,"1386226"
148,"spotify:track:4RvWPyQ5RL0ao9LPZeSouE","Tears For Fears","Everybody Wants To Rule The World","UMC (Universal Music Catalogue)",80,123,926,"1383307"
149,"spotify:track:7lQ8MOhq6IN2w8EYcFNSUk","Eminem","Without Me","Eminem Catalog PS",29,155,1447,"1382256"
150,"spotify:track:6IeK3Ap5m3HabwJxgI6eSE","Perry Como, The Fontane Sisters, Mitchell Ayres & His Orchestra","It's Beginning to Look a Lot Like Christmas (with Mitchell Ayres & His Orchestra)","RCA Records Label",17,124,206,"1376693"
151,"spotify:track:2TE4xW3ImvpltVU0cPcKUn","Shakin' Stevens","Merry Christmas Everyone","Sony Music CG",16,140,227,"1374746"
152,"spotify:track:5EcG8eMMlwkHRVa4aTR1qd","Rihanna","Breakin' Dishes","Def Jam Recordings",32,170,250,"1371605"
153,"spotify:track:33MeEaRCeIQMSRyFTr5ZJU","Neton Vega","Pvta Luna","Josa Records (Neton Vega)",117,128,19,"1365336"
154,"spotify:track:2uPMsTEKx79gJ8rB3AcT0v","Bizarrap, Daddy Yankee","Daddy Yankee: Bzrp Music Sessions, Vol. 0/66","DALE PLAY Records",7,96,28,"1361872"
155,"spotify:track:0gucTLf7trAf37Ua1uAyAu","Nirvana","Smells Like Teen Spirit","Geffen",92,150,922,"1358000"
156,"spotify:track:4tHqQMWSqmL6YjXwsqthDI","John Williams","Carol of the Bells (From ""Home Alone"" Soundtrack)","Masterworks",24,138,96,"1357244"
157,"spotify:track:7BqBn9nzAq8spo5e7cZ0dJ","Bruno Mars","Just the Way You Are","Atlantic Records",27,148,1043,"1356586"
158,"spotify:track:2O3MQ6H3gjrIWDcpeTrikT","Kelly Clarkson, Ariana Grande","Santa, Can’t You Hear Me","Atlantic Records",32,146,66,"1354956"
159,"spotify:track:19XpFsce28aByvCC4g89tJ","Hozier","Too Sweet","Columbia",2,194,601,"1353933"
160,"spotify:track:5qqabIl2vWzo9ApSC317sa","Oasis","Wonderwall - Remastered","Big Brother",16,145,836,"1353108"
161,"spotify:track:312z6PZ8wwREck8613PkJk","Olivia Dean","A Couple Minutes","PLG - Capitol",109,129,17,"1344066"
162,"spotify:track:2yWlGEgEfPot0lv3OAjuG3","Tate McRae, F1 The Album","Just Keep Watching (From F1® The Movie)","Atlantic Records",7,199,188,"1340747"
163,"spotify:track:7d6yK8v8J484SWH5prIQiE","Bad Bunny, Omar Courtz, Dei V","VeLDÁ","Rimas Entertainment LLC.",8,-1,297,"1339643"
164,"spotify:track:4Dvkj6JhhA12EX05fT7y2e","Harry Styles","As It Was","Columbia",1,159,1296,"1336118"
165,"spotify:track:4NyUIohBa3CEMGcXURYSOh","Herencia De Grandes","Ya Borracho","Rancho Humilde",126,130,15,"1333589"
166,"spotify:track:3zEN0ii6s4DHHBpnTp3RP7","Empire Of The Sun","We Are The People","EMI Recorded Music Australia Pty Ltd",89,175,140,"1331038"
167,"spotify:track:2tpWsVSb9UEmDRxAl1zhX1","OneRepublic","Counting Stars","Mosley / Interscope",78,156,1688,"1327966"
168,"spotify:track:5e9TFTbltYBg2xThimr0rU","Fleetwood Mac","The Chain - 2004 Remaster","Rhino/Warner Records",103,176,121,"1324043"
169,"spotify:track:1HEwEN64NjgTaHmo7LfkX8","Beéle","no tiene sentido","5020 Records",15,188,196,"1323879"
170,"spotify:track:6czM6UMQD9qE5GAUp68oud","Justin Bieber, Chance the Rapper","Confident","RBMG/Def Jam",133,163,83,"1322975"
171,"spotify:track:1PREzVLuDT6PSE9sej4wnV","Fuerza Regida, Grupo Frontera","COQUETA","Rancho Humilde/Streetmob Records/Grupo Frontera/Sony Music Latin",77,197,214,"1320513"
172,"spotify:track:0u2P5u6lvoDfwTYjAADbn4","Billie Eilish, Khalid","lovely (with Khalid)","Darkroom",19,153,2717,"1320451"
173,"spotify:track:1k0JAiH11gHL9dc5dfQjQr","ILLIT","NOT CUTE ANYMORE","BELIFT LAB",135,143,6,"1319629"
174,"spotify:track:2pnPe4pJtq7689i5ydzvJJ","Chuck Berry","Run Rudolph Run","Geffen*",27,147,148,"1314513"
175,"spotify:track:1jgTiNob5cVyXeJ3WgX5bL","Taylor Swift","Elizabeth Taylor","Taylor Swift",2,185,61,"1309396"
176,"spotify:track:43iIQbw5hx986dUEZbr3eN","Laufey","From The Start","Laufey",80,180,163,"1290146"
177,"spotify:track:2uIX8YMNjGMD7441kqyyNU","Billie Eilish","ocean eyes","Darkroom",79,160,600,"1289468"
178,"spotify:track:7snQQk1zcKl8gZ92AnueZW","Guns N' Roses","Sweet Child O' Mine","Guns N Roses P&D",94,178,364,"1283712"
179,"spotify:track:5O2P9iiztwhomNh8xkR9lJ","One Direction","Night Changes","Syco Music",6,181,1064,"1282308"
180,"spotify:track:10nyNJ6zNy2YVYLrcwLccB","Radiohead","No Surprises","XL Recordings",87,173,67,"1281966"
181,"spotify:track:1j15Ar0qGDzIR0v3CQv3JL","KATSEYE","Gnarly","HYBE/Geffen",35,-1,214,"1266170"
182,"spotify:track:0YVh3SyU4dS7jOWIFQ1tTf","Chris Grey","LET THE WORLD BURN","Chris Grey",153,182,11,"1263609"
183,"spotify:track:6AI3ezQ4o3HUoP6Dhudph3","Kendrick Lamar","Not Like Us","Kendrick Lamar, under exclusive license to Interscope Records",1,-1,526,"1261227"
184,"spotify:track:2mdEsXPu8ZmkHRRtAdC09e","Lana Del Rey","Cinnamon Girl","Polydor Records",70,165,78,"1259261"
185,"spotify:track:51rfRCiUSvxXlCSCfIztBy","Gracie Abrams","I Love You, I'm Sorry","Gracie Abrams, under exclusive license to Interscope Records",15,-1,385,"1258468"
186,"spotify:track:554qQSs9lpRVq6TlaaiIKT","EsDeeKid","4 Raws","Lizzy Records",106,167,8,"1253947"
187,"spotify:track:1DIXPcTDzTj8ZMHt3PDt8p","Coolio, L.V.","Gangsta's Paradise","Tommy Boy Music, LLC",11,-1,719,"1252537"
188,"spotify:track:3Vd4fHzwS6pBS3muymjiDi","Olivia Dean","Let Alone The One You Love","PLG - Capitol",111,162,17,"1251439"
189,"spotify:track:1XGmzt0PVuFgQYYnV2It7A","Maroon 5, Wiz Khalifa","Payphone","Interscope Records*",46,174,612,"1250477"
190,"spotify:track:7BKLCZ1jbUBVqRi2FVlTVw","The Chainsmokers, Halsey","Closer","Disruptor Records/Columbia",2,183,1558,"1249744"
191,"spotify:track:5G2f63n7IPVPPjfNIGih7Q","Sabrina Carpenter","Taste","Island Records",2,-1,415,"1245487"
192,"spotify:track:5AEOqLsRJFAoSS4ay4Jzao","Nirvana","Come As You Are","Geffen",143,177,120,"1238900"
193,"spotify:track:3B2ZpJeewPvhAkjXtTkdtJ","Tate McRae","NOBODY'S GIRL","RCA Records Label",8,169,12,"1233704"
194,"spotify:track:2FPfeYlrbSBR8PwCU0zaqq","Frank Sinatra","Have Yourself A Merry Little Christmas - Remastered 1999","Capitol Records",36,161,46,"1228729"
195,"spotify:track:6eODMWDVi22dpEZJoqg5h7","Laufey","Winter Wonderland","Vingolf Recordings",23,184,44,"1225680"
196,"spotify:track:3CRDbSIZ4r5MsZ0YwxuEkn","Twenty One Pilots","Stressed Out","Fueled By Ramen",63,198,414,"1223141"
197,"spotify:track:1FEiijYPJtyswChfcpv3p0","Lana Del Rey","Summertime Sadness","Urban",74,186,1031,"1219865"
198,"spotify:track:2tHwzyyOLoWSFqYNjeVMzj","Sabrina Carpenter","Please Please Please","Island Records",1,-1,473,"1217809"
199,"spotify:track:6wHpLMmp98aHcV8L1JFrj8","Alex Warren","Eternity","Atlantic Records",6,-1,111,"1216361"
200,"spotify:track:2LHNTC9QZxsL3nWpt8iaSR","Lady Gaga","Abracadabra","Interscope Records",2,-1,227,"1215642"
